cell_type,level,study,direction,direction_new,description,notes
Neuronal: GABAergic,class,SEA-AD,none,not_assessed,All inhibitory neurons,
Neuronal: Glutamatergic,class,SEA-AD,none,not_assessed,All excitatory neurons,
Non-neuronal and Non-neural,class,SEA-AD,none,not_assessed,All non-neuronal cells (glial and non-neural types),
Lamp5 Lhx6,subclass,SEA-AD,none,not_assessed,Lamp5_Lhx6 interneurons,
Lamp5,subclass,SEA-AD,none,not_assessed,Lamp CGE interneurons,
Pax6,subclass,SEA-AD,none,not_assessed,Pax6 CGE interneurons,
Sncg,subclass,SEA-AD,none,not_assessed,Sncg CGE interneurons,
Vip,subclass,SEA-AD,none,not_assessed,Vip CGE interneurons,
Sst Chodl,subclass,SEA-AD,none,not_assessed,Sst Chodl projecting MGE interneurons,
Sst,subclass,SEA-AD,down,down,Sst MGE interneurons,
Pvalb,subclass,SEA-AD,none,not_assessed,Pvalb MGE interneurons,
Chandelier,subclass,SEA-AD,none,not_assessed,Chandelier MGE interneurons,
L2/3 IT,subclass,SEA-AD,down,down,Layer 2/3 intratelencephalic neurons,
L4 IT,subclass,SEA-AD,none,not_assessed,Layer 4 intratelencephalic neurons,
L5 IT,subclass,SEA-AD,none,not_assessed,Layer 5 intratelencephalic neurons,
L6 IT,subclass,SEA-AD,none,not_assessed,Layer 6 intratelencephalic neurons,
L6 IT Car3,subclass,SEA-AD,none,not_assessed,"Layer 6, Car3 subtype intratelencephalic neurons",
L5 ET,subclass,SEA-AD,none,not_assessed,Layer 5 extratelencephalic neurons,
L6 CT,subclass,SEA-AD,none,not_assessed,Layer 6 cortico-thalamic,
L5/6 NP,subclass,SEA-AD,none,not_assessed,Layer 5/6 near projecting neurons,
L6b,subclass,SEA-AD,none,not_assessed,Layer 6b excitatory neurons,
Astrocyte,subclass,SEA-AD,up,up,Astrocytes,
OPC,subclass,SEA-AD,none,not_assessed,Oligodendrocyte precursor cells,
Oligodendrocyte,subclass,SEA-AD,down,down,Oligodendrocytes,
Endothelial,subclass,SEA-AD,none,not_assessed,Endothelial cells,
VLMC,subclass,SEA-AD,none,not_assessed,Vascular and leptomeningeal cells,
Microglia-PVM,subclass,SEA-AD,up,up,Microglia / Perivascular macrophages,
Lamp5_Lhx6_1,supertype,SEA-AD,none,unchanged,Lamp5_Lhx6_1 supertype cell,
Lamp5_1,supertype,SEA-AD,none,unchanged,Lamp5_1 supertype cell,
Lamp5_2,supertype,SEA-AD,none,unchanged,Lamp5_2 supertype cell,
Lamp5_3,supertype,SEA-AD,none,unchanged,Lamp5_3 supertype cell,
Lamp5_4,supertype,SEA-AD,down,down,Lamp5_4 supertype cell,
Lamp5_5,supertype,SEA-AD,down,down,Lamp5_5 supertype cell,
Lamp5_6,supertype,SEA-AD,none,unchanged,Lamp5_6 supertype cell,
Pax6_1,supertype,SEA-AD,none,unchanged,Pax6_1 supertype cell,
Pax6_2,supertype,SEA-AD,none,unchanged,Pax6_2 supertype cell,
Pax6_3,supertype,SEA-AD,none,unchanged,Pax6_3 supertype cell,
Pax6_4,supertype,SEA-AD,none,unchanged,Pax6_4 supertype cell,
Sncg_3,supertype,SEA-AD,none,unchanged,Sncg_3 supertype cell,
Sncg_6,supertype,SEA-AD,none,unchanged,Sncg_6 supertype cell,
Sncg_2,supertype,SEA-AD,none,unchanged,Sncg_2 supertype cell,
Sncg_1,supertype,SEA-AD,down,down,Sncg_1 supertype cell,
Sncg_8,supertype,SEA-AD,none,unchanged,Sncg_8 supertype cell,
Sncg_4,supertype,SEA-AD,none,unchanged,Sncg_4 supertype cell,
Sncg_5,supertype,SEA-AD,down,down,Sncg_5 supertype cell,
Vip_14,supertype,SEA-AD,none,unchanged,Vip_14 supertype cell,
Vip_15,supertype,SEA-AD,none,unchanged,Vip_15 supertype cell,
Vip_16,supertype,SEA-AD,none,unchanged,Vip_16 supertype cell,
Vip_4,supertype,SEA-AD,none,unchanged,Vip_4 supertype cell,
Vip_5,supertype,SEA-AD,none,unchanged,Vip_5 supertype cell,
Vip_6,supertype,SEA-AD,none,unchanged,Vip_6 supertype cell,
Vip_9,supertype,SEA-AD,none,unchanged,Vip_9 supertype cell,
Vip_2,supertype,SEA-AD,down,down,Vip_2 supertype cell,
Vip_11,supertype,SEA-AD,none,unchanged,Vip_11 supertype cell,
Vip_13,supertype,SEA-AD,none,unchanged,Vip_13 supertype cell,
Vip_1,supertype,SEA-AD,down,down,Vip_1 supertype cell,
Vip_12,supertype,SEA-AD,none,unchanged,Vip_12 supertype cell,
Vip_18,supertype,SEA-AD,none,unchanged,Vip_18 supertype cell,
Vip_19,supertype,SEA-AD,none,unchanged,Vip_19 supertype cell,
Vip_21,supertype,SEA-AD,none,unchanged,Vip_21 supertype cell,
Vip_23,supertype,SEA-AD,none,unchanged,Vip_23 supertype cell,
Sst Chodl_1,supertype,SEA-AD,down,down,Sst Chodl_1 supertype cell,
Sst Chodl_2,supertype,SEA-AD,none,unchanged,Sst Chodl_2 supertype cell,
Sst_1,supertype,SEA-AD,none,unchanged,Sst_1 supertype cell,
Sst_4,supertype,SEA-AD,none,unchanged,Sst_4 supertype cell,
Sst_5,supertype,SEA-AD,none,unchanged,Sst_5 supertype cell,
Sst_7,supertype,SEA-AD,none,unchanged,Sst_7 supertype cell,
Sst_3,supertype,SEA-AD,down,down,Sst_3 supertype cell,
Sst_19,supertype,SEA-AD,down,down,Sst_19 supertype cell,
Sst_9,supertype,SEA-AD,down,down,Sst_9 supertype cell,
Sst_10,supertype,SEA-AD,none,unchanged,Sst_10 supertype cell,
Sst_13,supertype,SEA-AD,none,unchanged,Sst_13 supertype cell,
Sst_12,supertype,SEA-AD,none,unchanged,Sst_12 supertype cell,
Sst_11,supertype,SEA-AD,down,down,Sst_11 supertype cell,
Sst_20,supertype,SEA-AD,down,down,Sst_20 supertype cell,
Sst_22,supertype,SEA-AD,down,down,Sst_22 supertype cell,
Sst_23,supertype,SEA-AD,down,down,Sst_23 supertype cell,
Sst_25,supertype,SEA-AD,down,down,Sst_25 supertype cell,
Sst_2,supertype,SEA-AD,down,down,Sst_2 supertype cell,
Pvalb_6,supertype,SEA-AD,none,unchanged,Pvalb_6 supertype cell,
Pvalb_5,supertype,SEA-AD,none,unchanged,Pvalb_5 supertype cell,
Pvalb_8,supertype,SEA-AD,down,down,Pvalb_8 supertype cell,
Pvalb_7,supertype,SEA-AD,none,unchanged,Pvalb_7 supertype cell,
Pvalb_1,supertype,SEA-AD,none,unchanged,Pvalb_1 supertype cell,
Pvalb_3,supertype,SEA-AD,down,down,Pvalb_3 supertype cell,
Pvalb_2,supertype,SEA-AD,none,unchanged,Pvalb_2 supertype cell,
Pvalb_15,supertype,SEA-AD,none,unchanged,Pvalb_15 supertype cell,
Pvalb_14,supertype,SEA-AD,down,down,Pvalb_14 supertype cell,
Pvalb_12,supertype,SEA-AD,down,down,Pvalb_12 supertype cell,
Pvalb_10,supertype,SEA-AD,down,down,Pvalb_10 supertype cell,
Pvalb_13,supertype,SEA-AD,none,unchanged,Pvalb_13 supertype cell,
Pvalb_9,supertype,SEA-AD,none,unchanged,Pvalb_9 supertype cell,
Chandelier_1,supertype,SEA-AD,none,unchanged,Chandelier_1 supertype cell,
Chandelier_2,supertype,SEA-AD,none,unchanged,Chandelier_2 supertype cell,
L2/3 IT_1,supertype,SEA-AD,down,down,L2/3 IT_1 supertype cell,
L2/3 IT_2,supertype,SEA-AD,none,unchanged,L2/3 IT_2 supertype cell,
L2/3 IT_6,supertype,SEA-AD,down,down,L2/3 IT_6 supertype cell,
L2/3 IT_7,supertype,SEA-AD,none,unchanged,L2/3 IT_7 supertype cell,
L2/3 IT_5,supertype,SEA-AD,down,down,L2/3 IT_5 supertype cell,
L2/3 IT_13,supertype,SEA-AD,down,down,L2/3 IT_13 supertype cell,
L2/3 IT_10,supertype,SEA-AD,none,unchanged,L2/3 IT_10 supertype cell,
L2/3 IT_8,supertype,SEA-AD,down,down,L2/3 IT_8 supertype cell,
L2/3 IT_12,supertype,SEA-AD,none,unchanged,L2/3 IT_12 supertype cell,
L2/3 IT_3,supertype,SEA-AD,down,down,L2/3 IT_3 supertype cell,
L4 IT_2,supertype,SEA-AD,none,unchanged,L4 IT_2 supertype cell,
L4 IT_3,supertype,SEA-AD,none,unchanged,L4 IT_3 supertype cell,
L4 IT_4,supertype,SEA-AD,none,unchanged,L4 IT_4 supertype cell,
L4 IT_1,supertype,SEA-AD,none,unchanged,L4 IT_1 supertype cell,
L5 IT_1,supertype,SEA-AD,none,unchanged,L5 IT_1 supertype cell,
L5 IT_3,supertype,SEA-AD,none,unchanged,L5 IT_3 supertype cell,
L5 IT_2,supertype,SEA-AD,none,unchanged,L5 IT_2 supertype cell,
L5 IT_5,supertype,SEA-AD,none,unchanged,L5 IT_5 supertype cell,
L5 IT_6,supertype,SEA-AD,none,unchanged,L5 IT_6 supertype cell,
L5 IT_7,supertype,SEA-AD,down,down,L5 IT_7 supertype cell,
L6 IT_1,supertype,SEA-AD,none,unchanged,L6 IT_1 supertype cell,
L6 IT_2,supertype,SEA-AD,down,down,L6 IT_2 supertype cell,
L6 IT Car3_1,supertype,SEA-AD,none,unchanged,L6 IT Car3_1 supertype cell,
L6 IT Car3_2,supertype,SEA-AD,none,unchanged,L6 IT Car3_2 supertype cell,
L6 IT Car3_3,supertype,SEA-AD,none,unchanged,L6 IT Car3_3 supertype cell,
L5 ET_1,supertype,SEA-AD,none,unchanged,L5 ET_1 supertype cell,
L5 ET_2,supertype,SEA-AD,none,unchanged,L5 ET_2 supertype cell,
L6 CT_1,supertype,SEA-AD,none,unchanged,L6 CT_1 supertype cell,
L6 CT_2,supertype,SEA-AD,down,down,L6 CT_2 supertype cell,
L6 CT_3,supertype,SEA-AD,none,unchanged,L6 CT_3 supertype cell,
L6 CT_4,supertype,SEA-AD,none,unchanged,L6 CT_4 supertype cell,
L5/6 NP_1,supertype,SEA-AD,none,unchanged,L5/6 NP_1 supertype cell,
L5/6 NP_2,supertype,SEA-AD,down,down,L5/6 NP_2 supertype cell,
L5/6 NP_3,supertype,SEA-AD,none,unchanged,L5/6 NP_3 supertype cell,
L5/6 NP_6,supertype,SEA-AD,none,unchanged,L5/6 NP_6 supertype cell,
L5/6 NP_4,supertype,SEA-AD,none,unchanged,L5/6 NP_4 supertype cell,
L6b_1,supertype,SEA-AD,none,unchanged,L6b_1 supertype cell,
L6b_2,supertype,SEA-AD,none,unchanged,L6b_2 supertype cell,
L6b_3,supertype,SEA-AD,none,unchanged,L6b_3 supertype cell,
L6b_4,supertype,SEA-AD,none,unchanged,L6b_4 supertype cell,
L6b_5,supertype,SEA-AD,none,unchanged,L6b_5 supertype cell,
L6b_6,supertype,SEA-AD,none,unchanged,L6b_6 supertype cell,
Astro_1,supertype,SEA-AD,none,unchanged,Astro_1 supertype cell,
Astro_2,supertype,SEA-AD,up,up,Astro_2 supertype cell,
Astro_6-SEAAD,supertype,SEA-AD,none,unchanged,Astro_6-SEAAD supertype cell,
Astro_5,supertype,SEA-AD,none,unchanged,Astro_5 supertype cell,
Astro_3,supertype,SEA-AD,none,unchanged,Astro_3 supertype cell,
Astro_4,supertype,SEA-AD,none,unchanged,Astro_4 supertype cell,
OPC_2,supertype,SEA-AD,none,unchanged,Oligodendrocyte precursor cell_2 supertype cell,
OPC_2_1-SEAAD,supertype,SEA-AD,none,unchanged,Oligodendrocyte precursor cell_2_1-SEAAD supertype cell,
OPC_2_2-SEAAD,supertype,SEA-AD,none,unchanged,Oligodendrocyte precursor cell_2_2-SEAAD supertype cell,
OPC_1,supertype,SEA-AD,none,unchanged,Oligodendrocyte precursor cell_1 supertype cell,
Oligo_1,supertype,SEA-AD,down,down,Oligo_1 supertype cell,
Oligo_2,supertype,SEA-AD,down,down,Oligo_2 supertype cell,
Oligo_2_1-SEAAD,supertype,SEA-AD,down,down,Oligo_2_1-SEAAD supertype cell,
Oligo_4,supertype,SEA-AD,down,down,Oligo_4 supertype cell,
Oligo_3,supertype,SEA-AD,none,unchanged,Oligo_3 supertype cell,
Endo_1,supertype,SEA-AD,none,unchanged,Endo_1 supertype cell,
Endo_2,supertype,SEA-AD,none,unchanged,Endo_2 supertype cell,
Endo_3,supertype,SEA-AD,none,unchanged,Endo_2 supertype cell,
VLMC_1,supertype,SEA-AD,none,unchanged,VLMC_1 supertype cell,
VLMC_2-SEAAD,supertype,SEA-AD,none,unchanged,VLMC_2-SEAAD supertype cell,
VLMC_3-SEAAD,supertype,SEA-AD,none,unchanged,VLMC_3-SEAAD supertype cell,
VLMC_2_1-SEAAD,supertype,SEA-AD,none,unchanged,SMC-SEAAD supertype cell (aka VLMC_2_1-SEAAD),
SMC-SEAAD,supertype,SEA-AD,none,unchanged,SMC-SEAAD supertype cell (aka VLMC_2_1-SEAAD),
VLMC_2,supertype,SEA-AD,none,unchanged,Pericyte_1 supertype cell (aka VLMC_2),
Pericyte_1,supertype,SEA-AD,none,unchanged,Pericyte_1 supertype cell (aka VLMC_2),
VLMC_2_2-SEAAD,supertype,SEA-AD,none,unchanged,Pericyte_2-SEAAD supertype cell (aka VLMC_2_2-SEAAD),
Pericyte_2-SEAAD,supertype,SEA-AD,none,unchanged,Pericyte_2-SEAAD supertype cell (aka VLMC_2_2-SEAAD),
Micro-PVM_1_1-SEAAD,supertype,SEA-AD,none,unchanged,Monocyte supertype cell (aka Micro-PVM_1_1-SEAAD),
Monocyte,supertype,SEA-AD,none,unchanged,Monocyte supertype cell (aka Micro-PVM_1_1-SEAAD),
Micro-PVM_1,supertype,SEA-AD,none,unchanged,Micro-PVM_1 supertype cell,
Micro-PVM_2,supertype,SEA-AD,none,unchanged,Micro-PVM_2 supertype cell,
Micro-PVM_3,supertype,SEA-AD,up,up,Micro-PVM_3 supertype cell,
Micro-PVM_2_1-SEAAD,supertype,SEA-AD,none,unchanged,Micro-PVM_2_1-SEAAD supertype cell,
Micro-PVM_2_3-SEAAD,supertype,SEA-AD,none,unchanged,Micro-PVM_2_3-SEAAD supertype cell,
Micro-PVM_3-SEAAD,supertype,SEA-AD,up,up,Micro-PVM_3-SEAAD supertype cell,
Micro-PVM_4-SEAAD,supertype,SEA-AD,none,unchanged,Micro-PVM_4-SEAAD supertype cell,
Micro-PVM_2_2-SEAAD,supertype,SEA-AD,none,unchanged,Lymphocyte supertype cell (aka Micro-PVM_2_2-SEAAD),
Lymphocyte,supertype,SEA-AD,none,unchanged,Lymphocyte supertype cell (aka Micro-PVM_2_2-SEAAD),
astrocytes_C23,cell_type,Cain_2022,none,unchanged,Astrocytes,
endothelials_C23,cell_type,Cain_2022,none,unchanged,Endothelial cells,
Exc_C23,cell_type,Cain_2022,none,unchanged,All excitatory neurons,
Inh_C23,cell_type,Cain_2022,none,unchanged,All inhibitory neurons,
microglia_C23,cell_type,Cain_2022,none,unchanged,Microglia / Perivascular macrophages,
oligodendrocytes_C23,cell_type,Cain_2022,none,unchanged,Oligodendrocytes,
opcs_C23,cell_type,Cain_2022,none,unchanged,Oligodendrocyte precursor cells,
pericytes_C23,cell_type,Cain_2022,none,unchanged,Pericytes,
VLMC_C23,cell_type,Cain_2022,none,unchanged,Vascular and leptomeningeal cells,
Ast.1_C23,subtype,Cain_2022,none,unchanged,homeostatic protoplasmic-like astrocyte,
Ast.2_C23,subtype,Cain_2022,down,down,nonhomeostatic astrocytes ,
Ast.3_C23,subtype,Cain_2022,none,unchanged,interlaminar-like astrocytes ,
Ast.4_C23,subtype,Cain_2022,up,up,stress astrocytes ,
Ast.5_C23,subtype,Cain_2022,none,unchanged,interferon-responding astrocytes ,
End.1_C23,subtype,Cain_2022,none,unchanged,capillary endothelial cell 1,
End.2_C23,subtype,Cain_2022,up,up,capillary endothelial cell 2,
End.3_C23,subtype,Cain_2022,none,unchanged,capillary endothelial cell 3,
End.4_C23,subtype,Cain_2022,none,unchanged,venous endothelial cell,
End.5_C23,subtype,Cain_2022,none,unchanged,arterial endothelial cell,
End.6_C23,subtype,Cain_2022,none,unchanged,smooth muscle cell,
Exc.1_C23,subtype,Cain_2022,none,unchanged,"Exc.1, L1,L2-3 CUX2+",
Exc.10_C23,subtype,Cain_2022,none,unchanged,"Exc.10, L6 RGS12+THEMIS+",
Exc.2_C23,subtype,Cain_2022,none,unchanged,"Exc.2, L4 DCC+RORB+",
Exc.3_C23,subtype,Cain_2022,none,unchanged,"Exc.3, L4-5 PLCH1+RORB+",
Exc.4_C23,subtype,Cain_2022,none,unchanged,"Exc.4, L4-5 TMSB10+RORB+ ",
Exc.5_C23,subtype,Cain_2022,none,unchanged,"Exc.5, L4 ADGRL4+RORB+",
Exc.6_C23,subtype,Cain_2022,none,unchanged,"Exc.6, L5 HTR2C+FEZF2+",
Exc.7_C23,subtype,Cain_2022,none,unchanged,"Exc.7, L6 THEMIS+",
Exc.8_C23,subtype,Cain_2022,none,unchanged,"Exc.8, L6 NFIA+FEZF2+",
Exc.9_C23,subtype,Cain_2022,none,unchanged,"Exc.9, L6 TRPM3+FEZF2+",
Inh.1_C23,subtype,Cain_2022,none,unchanged,Pvalb MGE interneurons,
Inh.2_C23,subtype,Cain_2022,none,unchanged,Vip CGE interneurons,
Inh.3_C23,subtype,Cain_2022,down,down,Sst MGE interneurons,
Inh.4_C23,subtype,Cain_2022,none,unchanged,Inh.4 RELN+CNR1+,
Inh.5_C23,subtype,Cain_2022,none,unchanged,Inh.5 NRG1+KIT+,
Inh.6_C23,subtype,Cain_2022,none,unchanged,Inh.6 PTPRK+PV+,
Inh.7_C23,subtype,Cain_2022,none,unchanged,Inh.7 TOX+NOS1+,
Mic.1_C23,subtype,Cain_2022,none,unchanged,surveilling microglia,
Mic.2_C23,subtype,Cain_2022,none,unchanged,stress response/anti-inflammatory microglia,
Mic.3_C23,subtype,Cain_2022,up,up,enhanced redox microglia,
Mic.4_C23,subtype,Cain_2022,none,unchanged,interferon-response microglia,
Mic.5_C23,subtype,Cain_2022,none,unchanged,proliferative microglia,
nocluster_C23,subtype,Cain_2022,none,not_assessed,cells not assigned to a subcluster,
oligodendrocytes_C23,subtype,Cain_2022,none,unchanged,oligodendrocytes subtype cell,
opcs_C23,subtype,Cain_2022,none,unchanged,Oligodendrocyte precursor cells subtype cell,
pericytes_C23,subtype,Cain_2022,none,unchanged,pericytes subtype cell,
VLMC_C23,subtype,Cain_2022,none,unchanged,VLMC subtype cell,
Astrocyte_G23,cell_type,Green_2023,none,unchanged,Astrocytes,
CD8+ T Cells_G23,cell_type,Green_2023,none,unchanged,CD8+ T Cells,
COP_G23,cell_type,Green_2023,none,unchanged,Differentiation-committed oligodendrocyte precursors,
Endothelial_G23,cell_type,Green_2023,none,unchanged,Endothelial cells,
Erythrocytes_G23,cell_type,Green_2023,none,unchanged,Erythrocytes,
Excitatory Neurons_G23,cell_type,Green_2023,none,unchanged,All excitatory neurons,
Fibroblast_G23,cell_type,Green_2023,none,unchanged,Fibroblasts,
Inhibitory Neurons_G23,cell_type,Green_2023,none,unchanged,All inhibitory neurons,
Macrophages_G23,cell_type,Green_2023,none,unchanged,Macrophages,
Microglia_G23,cell_type,Green_2023,none,unchanged,Microglia,
Monocytes_G23,cell_type,Green_2023,none,unchanged,Monocytes,
Neutrophils_G23,cell_type,Green_2023,none,unchanged,Neutrophils,
NFOL/MOL_G23,cell_type,Green_2023,none,unchanged,Newly formed oligodendrocytes,
NK Cells_G23,cell_type,Green_2023,none,unchanged,NK Cells,
Oligodendrocytes_G23,cell_type,Green_2023,none,unchanged,Oligodendrocytes,
OPCs_G23,cell_type,Green_2023,none,unchanged,Oligodendrocyte precursor cells,
Pericytes_G23,cell_type,Green_2023,none,unchanged,Pericytes,
SMC_G23,cell_type,Green_2023,none,unchanged,Smooth muscle cells,
Arteriole_G23,state,Green_2023,none,unchanged,Arterioles,
Ast.1_G23,state,Green_2023,none,unchanged,homeostatic-like astrocyte (Ast.1),
Ast.10_G23,state,Green_2023,up,up,stress response / human AD elevated astrocyte (Ast.10),
Ast.2_G23,state,Green_2023,none,unchanged,homeostatic-like astrocyte (Ast.2),
Ast.3_G23,state,Green_2023,none,unchanged,enhanced-mitophagy astrocyte (Ast.3),
Ast.4_G23,state,Green_2023,none,unchanged,"reactive-like, fibrous-like astrocyte (Ast.4)",
Ast.5_G23,state,Green_2023,none,unchanged,reactive-like astrocyte (Ast.5),
Ast.6_G23,state,Green_2023,none,unchanged,???? astrocyte (Ast.6),
Ast.7_G23,state,Green_2023,none,unchanged,interferon-responding astrocyte (Ast.7),
Ast.8_G23,state,Green_2023,none,unchanged,stress response astrocyte (Ast.8),
Ast.9_G23,state,Green_2023,none,unchanged,stress response astrocyte (Ast.9),
CD8+ T Cells_G23,state,Green_2023,none,unchanged,CD8+ T Cells state cells,
COP_G23,state,Green_2023,none,unchanged,COP state cells,
End.1_G23,state,Green_2023,up,up,capillary endothelial cells 1,
End.2_G23,state,Green_2023,none,unchanged,capillary endothelial cells 2,
End.3_G23,state,Green_2023,up,up,capillary endothelial cells 3 (ECM genes),
End.4_G23,state,Green_2023,none,unchanged,capillary endothelial cells 4 ,
End.5_G23,state,Green_2023,none,unchanged,capillary endothelial cells 5 (AD risk genes),
Erythrocytes_G23,state,Green_2023,none,unchanged,Erythrocytes state cells,
Exc.1_G23,state,Green_2023,down,down,Exc.1 state cells,
Exc.10_G23,state,Green_2023,none,unchanged,Exc.10 state cells,
Exc.11_G23,state,Green_2023,none,unchanged,Exc.11 state cells,
Exc.12_G23,state,Green_2023,none,unchanged,Exc.12 state cells,
Exc.13_G23,state,Green_2023,none,unchanged,Exc.13 state cells,
Exc.14_G23,state,Green_2023,none,unchanged,Exc.14 state cells,
Exc.15_G23,state,Green_2023,none,unchanged,Exc.15 state cells,
Exc.16_G23,state,Green_2023,none,unchanged,Exc.16 state cells,
Exc.2_G23,state,Green_2023,none,unchanged,Exc.2 state cells,
Exc.3_G23,state,Green_2023,none,unchanged,Exc.3 state cells,
Exc.4_G23,state,Green_2023,none,unchanged,Exc.4 state cells,
Exc.5_G23,state,Green_2023,none,unchanged,Exc.5 state cells,
Exc.6_G23,state,Green_2023,none,unchanged,Exc.6 state cells,
Exc.7_G23,state,Green_2023,none,unchanged,Exc.7 state cells,
Exc.8_G23,state,Green_2023,none,unchanged,Exc.8 state cells,
Exc.9_G23,state,Green_2023,none,unchanged,Exc.9 state cells,
Fib.1_G23,state,Green_2023,none,unchanged,Fib.1 state cells,
Fib.2_G23,state,Green_2023,none,unchanged,Fib.2 state cells,
Fib.3_G23,state,Green_2023,none,unchanged,Fib.3 state cells,
Inh.1_G23,state,Green_2023,none,unchanged,??? interneuron (Inh.1),
Inh.10_G23,state,Green_2023,none,unchanged,VIP interneuron (Inh.10),
Inh.11_G23,state,Green_2023,none,unchanged,VIP interneuron (Inh.11),
Inh.12_G23,state,Green_2023,none,unchanged,??? interneuron (Inh.12),
Inh.13_G23,state,Green_2023,none,unchanged,PVALB interneuron (Inh.13),
Inh.14_G23,state,Green_2023,none,unchanged,PVALB interneuron (Inh.14),
Inh.15_G23,state,Green_2023,none,unchanged,PVALB interneuron (Inh.15),
Inh.16_G23,state,Green_2023,up,up,PVALB interneuron (Inh.16),
Inh.2_G23,state,Green_2023,none,unchanged,KIT interneuron (Inh.2),
Inh.3_G23,state,Green_2023,none,unchanged,??? interneuron (Inh.3),
Inh.4_G23,state,Green_2023,none,unchanged,KIT interneuron (Inh.4),
Inh.5_G23,state,Green_2023,none,unchanged,SST interneuron (Inh.5),
Inh.6_G23,state,Green_2023,down,down,SST interneuron (Inh.6),
Inh.7_G23,state,Green_2023,none,unchanged,SST interneuron (Inh.7),
Inh.8_G23,state,Green_2023,none,unchanged,KIT interneuron (Inh.8),
Inh.9_G23,state,Green_2023,none,unchanged,VIP interneuron (Inh.9),
Macrophages_G23,state,Green_2023,none,unchanged,Macrophages state cells,
Mic.1_G23,state,Green_2023,up,up,proliferative microglia (Mic.1),
Mic.10_G23,state,Green_2023,none,unchanged,enhanced-redox microglia (Mic.10),
Mic.11_G23,state,Green_2023,none,unchanged,stress response microglia (Mic.11) ,
Mic.12_G23,state,Green_2023,up,up,lipid-associated / DAM / A? / APOE microglia (Mic.12) ,
Mic.13_G23,state,Green_2023,up,up,lipid-associated / DAM / A? / APOE microglia (Mic.13) ,
Mic.14_G23,state,Green_2023,none,unchanged,interferon response microglia (Mic.14),
Mic.15_G23,state,Green_2023,none,unchanged,inflammatory / DAM microglia (Mic.15),
Mic.16_G23,state,Green_2023,none,unchanged,SERPINE1 expressing microglia (Mic.16),
Mic.2_G23,state,Green_2023,none,unchanged,surveilling microglia (Mic.2),
Mic.3_G23,state,Green_2023,none,unchanged,surveilling microglia (Mic.3),
Mic.4_G23,state,Green_2023,none,unchanged,surveilling microglia (Mic.4),
Mic.5_G23,state,Green_2023,none,unchanged,surveilling microglia (Mic.5),
Mic.6_G23,state,Green_2023,none,unchanged,reacting microglia (Mic.6),
Mic.7_G23,state,Green_2023,none,unchanged,reacting microglia (Mic.7),
Mic.8_G23,state,Green_2023,none,unchanged,reacting microglia (Mic.8),
Mic.9_G23,state,Green_2023,none,unchanged,enhanced-redox microglia (Mic.9),
Monocytes_G23,state,Green_2023,none,unchanged,Monocytes state cells,
Neutrophils_G23,state,Green_2023,none,unchanged,Neutrophils state cells,
NFOL/MOL_G23,state,Green_2023,none,unchanged,NFOL/MOL state cells,
NK Cells_G23,state,Green_2023,none,unchanged,NK Cells state cells,
Oli.1_G23,state,Green_2023,none,unchanged,Oli.1 state cells,
Oli.10_G23,state,Green_2023,none,unchanged,Oli.10 state cells,
Oli.11_G23,state,Green_2023,none,unchanged,Oli.11 state cells,
Oli.12_G23,state,Green_2023,up,up,Oli.12 state cells,
Oli.13_G23,state,Green_2023,up,up,stress response Oli.13 state cells,
Oli.2_G23,state,Green_2023,none,unchanged,Oli.2 state cells,
Oli.3_G23,state,Green_2023,none,unchanged,Oli.3 state cells,
Oli.4_G23,state,Green_2023,none,unchanged,Oli.4 state cells,
Oli.5_G23,state,Green_2023,down,down,Oli.5 state cells,
Oli.6_G23,state,Green_2023,up,up,Oli.6 state cells,
Oli.7_G23,state,Green_2023,down,down,Oli.7 state cells,
Oli.8_G23,state,Green_2023,none,unchanged,Oli.8 state cells,
Oli.9_G23,state,Green_2023,down,down,Oli.9 state cells,
OPC.1_G23,state,Green_2023,none,unchanged,Oligodendrocyte precursor cell.1 state cells,
OPC.2_G23,state,Green_2023,none,unchanged,Oligodendrocyte precursor cell.2 state cells,
OPC.3_G23,state,Green_2023,none,unchanged,Oligodendrocyte precursor cell.3 state cells,
Peri.1_G23,state,Green_2023,none,unchanged,extracellular matrix-(M) pericytes,
Peri.2_G23,state,Green_2023,none,unchanged,transporter (T) pericytes,
SMC.1_G23,state,Green_2023,none,unchanged,SMC.1 state cells,
SMC.2_G23,state,Green_2023,none,unchanged,SMC.2 state cells,
Venule_G23,state,Green_2023,none,unchanged,Venule state cells,
Astro_L20,broad,Lau_2020,none,not_assessed,Astrocytes,subgroups in separate tab
Endo_L20,broad,Lau_2020,none,not_assessed,Endothelial cells + non-neural cells,subgroups in separate tab
GABA_L20,broad,Lau_2020,none,not_assessed,All inhibitory neurons,
Glut_L20,broad,Lau_2020,none,not_assessed,All excitatory neurons,
Micro_L20,broad,Lau_2020,none,not_assessed,Microglia / Perivascular macrophages,subgroups in separate tab
Oligo_L20,broad,Lau_2020,none,not_assessed,Oligodendrocytes + Oligodendrocyte precursor cells,subgroups in separate tab
Ast0_M19,cell_type,Mathys_2019,down,down,Ast0 cell_type cells,ext fig 7c; used non-AD/AD column to determine up and down
Ast1_M19,cell_type,Mathys_2019,up,up,Ast1 cell_type cells,missing OPC0-2 from paper
Ast2_M19,cell_type,Mathys_2019,none ,unchanged ,Ast2 cell_type cells,End and Per are not in paper
Ast3_M19,cell_type,Mathys_2019,none,unchanged,Ast3 cell_type cells,
End1_M19,cell_type,Mathys_2019,none,not_assessed,End1 cell_type cells,
End2_M19,cell_type,Mathys_2019,none,not_assessed,End2 cell_type cells,
Ex0_M19,cell_type,Mathys_2019,none ,unchanged ,Ex0 cell_type cells,
Ex1_M19,cell_type,Mathys_2019,none ,unchanged ,Ex1 cell_type cells,
Ex11_M19,cell_type,Mathys_2019,none ,unchanged ,Ex11 cell_type cells,
Ex12_M19,cell_type,Mathys_2019,none ,unchanged ,Ex12 cell_type cells,
Ex14_M19,cell_type,Mathys_2019,none ,unchanged ,Ex14 cell_type cells,
Ex2_M19,cell_type,Mathys_2019,up,up,Ex2 cell_type cells,
Ex3_M19,cell_type,Mathys_2019,none ,unchanged ,Ex3 cell_type cells,
Ex4_M19,cell_type,Mathys_2019,up,up,Ex4 cell_type cells,
Ex5_M19,cell_type,Mathys_2019,none ,unchanged ,Ex5 cell_type cells,
Ex6_M19,cell_type,Mathys_2019,down,down,Ex6 cell_type cells,
Ex7_M19,cell_type,Mathys_2019,none ,unchanged ,Ex7 cell_type cells,
Ex8_M19,cell_type,Mathys_2019,none ,unchanged ,Ex8 cell_type cells,
Ex9_M19,cell_type,Mathys_2019,none ,unchanged ,Ex9 cell_type cells,
In0_M19,cell_type,Mathys_2019,up,up,In0 cell_type cells,
In1_M19,cell_type,Mathys_2019,up,up,In1 cell_type cells,
In10_M19,cell_type,Mathys_2019,none ,unchanged ,In10 cell_type cells,
In11_M19,cell_type,Mathys_2019,none ,unchanged ,In11 cell_type cells,
In2_M19,cell_type,Mathys_2019,down,down,In2 cell_type cells,
In3_M19,cell_type,Mathys_2019,none ,unchanged ,In3 cell_type cells,
In4_M19,cell_type,Mathys_2019,down,down,In4 cell_type cells,
In5_M19,cell_type,Mathys_2019,none ,unchanged ,In5 cell_type cells,
In6_M19,cell_type,Mathys_2019,none ,unchanged ,In6 cell_type cells,
In7_M19,cell_type,Mathys_2019,none ,unchanged ,In7 cell_type cells,
In8_M19,cell_type,Mathys_2019,none ,unchanged ,In8 cell_type cells,
In9_M19,cell_type,Mathys_2019,none ,unchanged ,In9 cell_type cells,
Mic0_M19,cell_type,Mathys_2019,none ,unchanged ,Mic0 cell_type cells,
Mic1_M19,cell_type,Mathys_2019,none ,unchanged ,Mic1 cell_type cells,
Mic2_M19,cell_type,Mathys_2019,down,down,Mic2 cell_type cells,
Mic3_M19,cell_type,Mathys_2019,none ,unchanged ,Mic3 cell_type cells,
Oli0_M19,cell_type,Mathys_2019,up,up,Oli0 cell_type cells,
Oli1_M19,cell_type,Mathys_2019,down,down,Oli1 cell_type cells,
Oli3_M19,cell_type,Mathys_2019,none,unchanged,Oli3 cell_type cells,
Oli4_M19,cell_type,Mathys_2019,none ,unchanged ,Oli4 cell_type cells,
Oli5_M19,cell_type,Mathys_2019,none ,unchanged ,Oli5 cell_type cells,
Per_M19,cell_type,Mathys_2019,none,not_assessed,Per cell_type cells,
Astro_M19,broad,Mathys_2019,none,not_assessed,Astrocytes,
Endo_M19,broad,Mathys_2019,none,not_assessed,Endothelial cells + non-neural cells,
GABA_M19,broad,Mathys_2019,none,not_assessed,All inhibitory neurons,
Glut_M19,broad,Mathys_2019,none,not_assessed,All excitatory neurons,
Micro_M19,broad,Mathys_2019,none,not_assessed,Microglia / Perivascular macrophages,
Oligo_M19,broad,Mathys_2019,none,not_assessed,Oligodendrocytes + Oligodendrocyte precursor cells,
Peri_M19,broad,Mathys_2019,none,not_assessed,Pericytes,
ASC1_M21,cell_type,Morabito_2021,none,unchanged,ASC1 cell_type cells,"fig 2g; proportion, AD vs control. Per cells not in fig"
ASC2_M21,cell_type,Morabito_2021,none,unchanged,ASC2 cell_type cells,
ASC3_M21,cell_type,Morabito_2021,up,up,ASC3 cell_type cells,
ASC4_M21,cell_type,Morabito_2021,down,down,ASC4 cell_type cells,
EX1_M21,cell_type,Morabito_2021,none,unchanged,EX1 cell_type cells,
EX2_M21,cell_type,Morabito_2021,up,up,EX2 cell_type cells,
EX3_M21,cell_type,Morabito_2021,up,up,EX3 cell_type cells,
EX4_M21,cell_type,Morabito_2021,none,unchanged,EX4 cell_type cells,
EX5_M21,cell_type,Morabito_2021,none,unchanged,EX5 cell_type cells,
INH1_M21,cell_type,Morabito_2021,none,unchanged,INH1 cell_type cells,
INH2_M21,cell_type,Morabito_2021,down,down,INH2 cell_type cells,
INH3_M21,cell_type,Morabito_2021,down,down,INH3 cell_type cells,
INH4_M21,cell_type,Morabito_2021,down,down,INH4 cell_type cells,
MG1_M21,cell_type,Morabito_2021,up,up,MG1 cell_type cells,
MG2_M21,cell_type,Morabito_2021,none,unchanged,MG2 cell_type cells,"nominally significant (<***), so not listed"
MG3_M21,cell_type,Morabito_2021,none,unchanged,MG3 cell_type cells,
ODC1_M21,cell_type,Morabito_2021,none,unchanged,ODC1 cell_type cells,"nominally significant (<***), so not listed"
ODC10_M21,cell_type,Morabito_2021,down,down,ODC10 cell_type cells,
ODC11_M21,cell_type,Morabito_2021,up,up,ODC11 cell_type cells,
ODC12_M21,cell_type,Morabito_2021,down,down,ODC12 cell_type cells,
ODC13_M21,cell_type,Morabito_2021,up,up,ODC13 cell_type cells,
ODC2_M21,cell_type,Morabito_2021,up,up,ODC2 cell_type cells,
ODC3_M21,cell_type,Morabito_2021,none,unchanged,ODC3 cell_type cells,
ODC4_M21,cell_type,Morabito_2021,none,unchanged,ODC4 cell_type cells,
ODC5_M21,cell_type,Morabito_2021,down,down,ODC5 cell_type cells,
ODC6_M21,cell_type,Morabito_2021,none,unchanged,ODC6 cell_type cells,
ODC7_M21,cell_type,Morabito_2021,none,unchanged,ODC7 cell_type cells,"nominally significant (<***), so not listed"
ODC8_M21,cell_type,Morabito_2021,down,down,ODC8 cell_type cells,
ODC9_M21,cell_type,Morabito_2021,up,up,ODC9 cell_type cells,
PER.END1_M21,cell_type,Morabito_2021,none,not_assessed,PER.END1 cell_type cells,
PER.END2_M21,cell_type,Morabito_2021,none,not_assessed,PER.END2 cell_type cells,
PER.END3_M21,cell_type,Morabito_2021,none,not_assessed,PER.END3 cell_type cells,
Astro_M21,broad,Morabito_2021,none,not_assessed,Astrocytes,
Endo_M21,broad,Morabito_2021,none,not_assessed,Endothelial cells + non-neural cells,
GABA_M21,broad,Morabito_2021,none,not_assessed,All inhibitory neurons,
Glut_M21,broad,Morabito_2021,none,not_assessed,All excitatory neurons,
Micro_M21,broad,Morabito_2021,none,not_assessed,Microglia / Perivascular macrophages,
Oligo_M21,broad,Morabito_2021,none,not_assessed,Oligodendrocytes + Oligodendrocyte precursor cells,
Ast CHI3L1_M23,cell_type,Mathys_2023,none,not_assessed,Ast CHI3L1 cell_type cells,
Ast DPP10_M23,cell_type,Mathys_2023,none,not_assessed,Ast DPP10 cell_type cells,
Ast GRM3_M23,cell_type,Mathys_2023,none,not_assessed,Ast GRM3 cell_type cells,
End_M23,cell_type,Mathys_2023,none,not_assessed,End cell_type cells,
Exc L2-3 CBLN2 LINC02306_M23,cell_type,Mathys_2023,none,not_assessed,Exc L2-3 CBLN2 LINC02306 cell_type cells,
Exc L3-4 RORB CUX2_M23,cell_type,Mathys_2023,none,not_assessed,Exc L3-4 RORB CUX2 cell_type cells,
Exc L3-5 RORB PLCH1_M23,cell_type,Mathys_2023,none,not_assessed,Exc L3-5 RORB PLCH1 cell_type cells,
Exc L4-5 RORB GABRG1_M23,cell_type,Mathys_2023,none,not_assessed,Exc L4-5 RORB GABRG1 cell_type cells,
Exc L4-5 RORB IL1RAPL2_M23,cell_type,Mathys_2023,none,not_assessed,Exc L4-5 RORB IL1RAPL2 cell_type cells,
Exc L5-6 RORB LINC02196_M23,cell_type,Mathys_2023,none,not_assessed,Exc L5-6 RORB LINC02196 cell_type cells,
Exc L5 ET_M23,cell_type,Mathys_2023,none,not_assessed,Exc L5 ET cell_type cells,
Exc L5/6 IT Car3_M23,cell_type,Mathys_2023,none,not_assessed,Exc L5/6 IT Car3 cell_type cells,
Exc L5/6 NP_M23,cell_type,Mathys_2023,none,not_assessed,Exc L5/6 NP cell_type cells,
Exc L6 CT_M23,cell_type,Mathys_2023,none,not_assessed,Exc L6 CT cell_type cells,
Exc L6 THEMIS NFIA_M23,cell_type,Mathys_2023,none,not_assessed,Exc L6 THEMIS NFIA cell_type cells,
Exc L6b_M23,cell_type,Mathys_2023,none,not_assessed,Exc L6b cell_type cells,
Exc NRGN_M23,cell_type,Mathys_2023,none,not_assessed,Exc NRGN cell_type cells,
Exc RELN CHD7_M23,cell_type,Mathys_2023,none,not_assessed,Exc RELN CHD7 cell_type cells,
Fib FLRT2_M23,cell_type,Mathys_2023,none,not_assessed,Fib FLRT2 cell_type cells,
Fib SLC4A4_M23,cell_type,Mathys_2023,none,not_assessed,Fib SLC4A4 cell_type cells,
Inh ALCAM TRPM3_M23,cell_type,Mathys_2023,none,unchanged,Inh ALCAM TRPM3 cell_type cells,"fig 7c; AD yes/no column, first quartile"
Inh CUX2 MSR1_M23,cell_type,Mathys_2023,down,down,Inh CUX2 MSR1 cell_type cells,
Inh ENOX2 SPHKAP_M23,cell_type,Mathys_2023,down,down,Inh ENOX2 SPHKAP cell_type cells,
Inh FBN2 EPB41L4A_M23,cell_type,Mathys_2023,none,unchanged,Inh FBN2 EPB41L4A cell_type cells,
Inh GPC5 RIT2_M23,cell_type,Mathys_2023,none,unchanged,Inh GPC5 RIT2 cell_type cells,
Inh L1-2 PAX6 SCGN_M23,cell_type,Mathys_2023,none,unchanged,Inh L1-2 PAX6 SCGN cell_type cells,
Inh L1-6 LAMP5 CA13_M23,cell_type,Mathys_2023,none,unchanged,Inh L1-6 LAMP5 CA13 cell_type cells,
Inh L1 PAX6 CA4_M23,cell_type,Mathys_2023,none,unchanged,Inh L1 PAX6 CA4 cell_type cells,
Inh L3-5 SST MAFB_M23,cell_type,Mathys_2023,down,down,Inh L3-5 SST MAFB cell_type cells,
Inh L5-6 PVALB STON2_M23,cell_type,Mathys_2023,none,unchanged,Inh L5-6 PVALB STON2 cell_type cells,
Inh L5-6 SST TH_M23,cell_type,Mathys_2023,none,unchanged,Inh L5-6 SST TH cell_type cells,
Inh L6 SST NPY_M23,cell_type,Mathys_2023,none,unchanged,Inh L6 SST NPY cell_type cells,
Inh LAMP5 NRG1 (Rosehip)_M23,cell_type,Mathys_2023,none,unchanged,Inh LAMP5 NRG1 (Rosehip) cell_type cells,
Inh LAMP5 RELN_M23,cell_type,Mathys_2023,down,down,Inh LAMP5 RELN cell_type cells,
Inh PTPRK FAM19A1_M23,cell_type,Mathys_2023,none,unchanged,Inh PTPRK FAM19A1 cell_type cells,
Inh PVALB CA8 (Chandelier)_M23,cell_type,Mathys_2023,none,unchanged,Inh PVALB CA8 (Chandelier) cell_type cells,
Inh PVALB HTR4_M23,cell_type,Mathys_2023,none,unchanged,Inh PVALB HTR4 cell_type cells,
Inh PVALB SULF1_M23,cell_type,Mathys_2023,none,unchanged,Inh PVALB SULF1 cell_type cells,
Inh RYR3 TSHZ2_M23,cell_type,Mathys_2023,none,unchanged,Inh RYR3 TSHZ2 cell_type cells,
Inh SGCD PDE3A_M23,cell_type,Mathys_2023,none,unchanged,Inh SGCD PDE3A cell_type cells,
Inh SORCS1 TTN_M23,cell_type,Mathys_2023,none,unchanged,Inh SORCS1 TTN cell_type cells,
Inh VIP ABI3BP_M23,cell_type,Mathys_2023,none,unchanged,Inh VIP ABI3BP cell_type cells,
Inh VIP CLSTN2_M23,cell_type,Mathys_2023,none,unchanged,Inh VIP CLSTN2 cell_type cells,
Inh VIP THSD7B_M23,cell_type,Mathys_2023,none,unchanged,Inh VIP THSD7B cell_type cells,
Inh VIP TSHZ2_M23,cell_type,Mathys_2023,none,unchanged,Inh VIP TSHZ2 cell_type cells,
Mic MKI67_M23,cell_type,Mathys_2023,none,not_assessed,Mic MKI67 cell_type cells,
Mic P2RY12_M23,cell_type,Mathys_2023,none,not_assessed,Mic P2RY12 cell_type cells,
Mic TPT1_M23,cell_type,Mathys_2023,none,not_assessed,Mic TPT1 cell_type cells,
Oli_M23,cell_type,Mathys_2023,none,not_assessed,Oli cell_type cells,
Per_M23,cell_type,Mathys_2023,none,not_assessed,Per cell_type cells,
SMC_M23,cell_type,Mathys_2023,none,not_assessed,SMC cell_type cells,
Astro_M23,broad,Mathys_2023,none,not_assessed,Astrocytes,
Endo_M23,broad,Mathys_2023,none,not_assessed,Endothelial cells,
Fibro_M23,broad,Mathys_2023,none,not_assessed,Fibroblasts,
GABA_M23,broad,Mathys_2023,none,not_assessed,All inhibitory neurons,
Glut_M23,broad,Mathys_2023,none,not_assessed,All excitatory neurons,
Micro_M23,broad,Mathys_2023,none,not_assessed,Microglia / Perivascular macrophages,
Oligo_M23,broad,Mathys_2023,none,not_assessed,Oligodendrocytes + Oligodendrocyte precursor cells,
Peri_M23,broad,Mathys_2023,none,not_assessed,Pericytes,
SMC_M23,broad,Mathys_2023,none,not_assessed,Smooth muscle cells,
Astro_Z20,broad,Zhou_2020,none,not_assessed,Astrocytes,
Endo_Z20,broad,Zhou_2020,none,unchanged,Endothelial cells + non-neural cells,
GABA_Z20,broad,Zhou_2020,none,unchanged,All inhibitory neurons,
Glut_Z20,broad,Zhou_2020,none,not_assessed,All excitatory neurons,
Micro_Z20,broad,Zhou_2020,none,unchanged,Microglia / Perivascular macrophages,
Oligo_Z20,broad,Zhou_2020,none,not_assessed,Oligodendrocytes + Oligodendrocyte precursor cells,
a1_L20,cell_type,Lau_2020,up,up,a1_L20 astrocyte cell type,"fig4; ""Only subpopulations a1, a3,and a6 expressed DEGs; specifically, subpopulations a1 and a6 wereenriched with up-regulated signature genes, whereas subpopulation a3 was enriched in down-regulated signature genes (SI Appendix,Fig. S5B). Therefore, we categorized a1 and a6 as theAD-up-regulatedsubpopulations and a3 as theAD-down-regulatedsubpopulation"""
a2_L20,cell_type,Lau_2020,none,unchanged,a2_L20 astrocyte cell type,
a3_L20,cell_type,Lau_2020,down,down,a3_L20 astrocyte cell type,"fig4; ""Only subpopulations a1, a3,and a6 expressed DEGs; specifically, subpopulations a1 and a6 wereenriched with up-regulated signature genes, whereas subpopulation a3 was enriched in down-regulated signature genes (SI Appendix,Fig. S5B). Therefore, we categorized a1 and a6 as theAD-up-regulatedsubpopulations and a3 as theAD-down-regulatedsubpopulation"""
a4_L20,cell_type,Lau_2020,none,unchanged,a4_L20 astrocyte cell type,
a5_L20,cell_type,Lau_2020,none,unchanged,a5_L20 astrocyte cell type,
a6_L20,cell_type,Lau_2020,up,up,a6_L20 astrocyte cell type,"fig4; ""Only subpopulations a1, a3,and a6 expressed DEGs; specifically, subpopulations a1 and a6 wereenriched with up-regulated signature genes, whereas subpopulation a3 was enriched in down-regulated signature genes (SI Appendix,Fig. S5B). Therefore, we categorized a1 and a6 as theAD-up-regulatedsubpopulations and a3 as theAD-down-regulatedsubpopulation"""
a7_L20,cell_type,Lau_2020,none,unchanged,a7_L20 astrocyte cell type,
a8_L20,cell_type,Lau_2020,none,unchanged,a8_L20 astrocyte cell type,
a9_L20,cell_type,Lau_2020,none,unchanged,a9_L20 astrocyte cell type,
e1_L20,cell_type,Lau_2020,up,up,e1_L20 endothelial cell type,"fig 5; ""Our subcluster analysis further revealed that only three of the seven identified endo-thelial cell subpopulationse1, e3, and e4contributed to the transcriptomic changes observed in endothelial cells in AD (Fig. 5AandSI Appendix,Fig.S7AandBand Table S5). Of note, all three subpopulations were classified as AD-up-regulated subpopulations"""
e2_L20,cell_type,Lau_2020,none,unchanged,e2_L20 endothelial cell type,
e3_L20,cell_type,Lau_2020,up,up,e3_L20 endothelial cell type,"fig 5; ""Our subcluster analysis further revealed that only three of the seven identified endo-thelial cell subpopulationse1, e3, and e4contributed to the transcriptomic changes observed in endothelial cells in AD (Fig. 5AandSI Appendix,Fig.S7AandBand Table S5). Of note, all three subpopulations were classified as AD-up-regulated subpopulations"""
e4_L20,cell_type,Lau_2020,up,up,e4_L20 endothelial cell type,"fig 5; ""Our subcluster analysis further revealed that only three of the seven identified endo-thelial cell subpopulationse1, e3, and e4contributed to the transcriptomic changes observed in endothelial cells in AD (Fig. 5AandSI Appendix,Fig.S7AandBand Table S5). Of note, all three subpopulations were classified as AD-up-regulated subpopulations"""
e5_L20,cell_type,Lau_2020,none,unchanged,e5_L20 endothelial cell type,
e6_L20,cell_type,Lau_2020,none,unchanged,e6_L20 endothelial cell type,
e7_L20,cell_type,Lau_2020,none,unchanged,e7_L20 endothelial cell type,
GABA_L20,cell_type,Lau_2020,none,unchanged,GABA_L20,
Glut_L20,cell_type,Lau_2020,none,unchanged,Glut_L20,
m1_L20,cell_type,Lau_2020,up,up,m1_L20 microglial cell type,"fig S6; ""the distribution of the AD-associated microglial subpopulations. Red: AD-upregulated subpopulations (m1 and m7); Green: AD-downregulated subpopulation (m6)."""
m2_L20,cell_type,Lau_2020,none,unchanged,m2_L20 microglial cell type,
m3_L20,cell_type,Lau_2020,none,unchanged,m3_L20 microglial cell type,
m4_L20,cell_type,Lau_2020,none,unchanged,m4_L20 microglial cell type,
m5_L20,cell_type,Lau_2020,none,unchanged,m5_L20 microglial cell type,
m6_L20,cell_type,Lau_2020,down,down,m6_L20 microglial cell type,"fig S6; ""the distribution of the AD-associated microglial subpopulations. Red: AD-upregulated subpopulations (m1 and m7); Green: AD-downregulated subpopulation (m6)."""
m7_L20,cell_type,Lau_2020,up,up,m7_L20 microglial cell type,"fig S6; ""the distribution of the AD-associated microglial subpopulations. Red: AD-upregulated subpopulations (m1 and m7); Green: AD-downregulated subpopulation (m6)."""
m8_L20,cell_type,Lau_2020,none,unchanged,m8_L20 microglial cell type,
m9_L20,cell_type,Lau_2020,none,unchanged,m9_L20 microglial cell type,
m10_L20,cell_type,Lau_2020,none,unchanged,m10_L20 microglial cell type,
m11_L20,cell_type,Lau_2020,none,unchanged,m11_L20 microglial cell type,
m12_L20,cell_type,Lau_2020,none,unchanged,m12_L20 microglial cell type,
m13_L20,cell_type,Lau_2020,none,unchanged,m13_L20 microglial cell type,
o1_L20,cell_type,Lau_2020,up,up,o1_L20 oligodendrocyte cell type,"fig 4; ""Among these, only four subpopulationso1, o2, o3, and o5were enriched with genes that were differentially expressed in oligodendrocytes in AD"""
o2_L20,cell_type,Lau_2020,up,up,o2_L20 oligodendrocyte cell type,"fig 4; ""Among these, only four subpopulationso1, o2, o3, and o5were enriched with genes that were differentially expressed in oligodendrocytes in AD"""
o3_L20,cell_type,Lau_2020,down,down,o3_L20 oligodendrocyte cell type,"fig 4; ""Among these, only four subpopulationso1, o2, o3, and o5were enriched with genes that were differentially expressed in oligodendrocytes in AD"""
o4_L20,cell_type,Lau_2020,none,unchanged,o4_L20 oligodendrocyte cell type,
o5_L20,cell_type,Lau_2020,down,down,o5_L20 oligodendrocyte cell type,
o6_L20,cell_type,Lau_2020,none,unchanged,o6_L20 oligodendrocyte cell type,"fig 4; ""Among these, only four subpopulationso1, o2, o3, and o5were enriched with genes that were differentially expressed in oligodendrocytes in AD"""
o7_L20,cell_type,Lau_2020,none,unchanged,o7_L20 oligodendrocyte cell type,
o8_L20,cell_type,Lau_2020,none,unchanged,o8_L20 oligodendrocyte cell type,
o9_L20,cell_type,Lau_2020,none,unchanged,o9_L20 oligodendrocyte cell type,
Astro0_Z20,cell_type,Zhou_2020,none,unchanged,Astro0_Z20 astrocyte cell type,
Astro1_Z20,cell_type,Zhou_2020,none,unchanged,Astro1_Z20 astrocyte cell type,
Astro2_Z20,cell_type,Zhou_2020,none,unchanged,Astro2_Z20 astrocyte cell type,
Astro3_Z20,cell_type,Zhou_2020,down,down,Astro3_Z20 astrocyte cell type,"fig 5a; ""t-SNE plots of re-clustered astrocytes showing six sub-clusters in AD and controls. Astro3 is depleted in AD. Astro4 is present in only one sample and is omitted for downstream analysis. n?=?2,641 AD and 2,955 control astrocytes."" "
Astro4_Z20,cell_type,Zhou_2020,none,not_assessed,Astro4_Z20 astrocyte cell type,
Astro5_Z20,cell_type,Zhou_2020,none,unchanged,Astro5_Z20 astrocyte cell type,
Oligo0_Z20,cell_type,Zhou_2020,none,unchanged,Oligo0_Z20 oligodendrocyte cell type,
Oligo1_Z20,cell_type,Zhou_2020,down,down,Oligo1_Z20 oligodendrocyte cell type,"fig 5e; ""t-SNE plots of re-clustered oligodendrocytes showing five sub-clusters in AD and controls. Oligo3 is enriched, whereas Oligo1 and Oligo2 are significantly reduced in AD. n?=?6,980 AD and 16,499 control oligodendrocytes."""
Oligo2_Z20,cell_type,Zhou_2020,down,down,Oligo2_Z20 oligodendrocyte cell type,"fig 5e; ""t-SNE plots of re-clustered oligodendrocytes showing five sub-clusters in AD and controls. Oligo3 is enriched, whereas Oligo1 and Oligo2 are significantly reduced in AD. n?=?6,980 AD and 16,499 control oligodendrocytes."""
Oligo3_Z20,cell_type,Zhou_2020,up,up,Oligo3_Z20 oligodendrocyte cell type,"fig 5e; ""t-SNE plots of re-clustered oligodendrocytes showing five sub-clusters in AD and controls. Oligo3 is enriched, whereas Oligo1 and Oligo2 are significantly reduced in AD. n?=?6,980 AD and 16,499 control oligodendrocytes."""
Oligo4_Z20,cell_type,Zhou_2020,none,unchanged,Oligo4_Z20 oligodendrocyte cell type,
Ex0_Z20,cell_type,Zhou_2020,none,unchanged,Ex0_Z20 excitatory neuron type,
Ex1_Z20,cell_type,Zhou_2020,down ,down ,Ex1_Z20 excitatory neuron type,"Fig. 4b, Extended Data Fig. 7d,e; ""However, the neuronal clusters, especially that enriched for neurofilament genes NEFL and NEFM (Ex1), were underrepresented in AD compared to control samples"""
Endo_Z20,cell_type,Zhou_2020,none,unchanged,Endothelial cells + non-neural cells,"fig 4b; ""We identified oligodendrocyte (Oli0 and Oli1), excitatory neuron (Ex0 and Ex1), inhibitory neuron (In), astrocyte (Astro), microglia (Micro), OPCs and endothelial cell (Endo) clusters (Fig. 4a). Most clusters were represented similarly in AD and control samples (Fig. 4b). However, the neuronal clusters, especially that enriched for neurofilament genes NEFL and NEFM (Ex1), were underrepresented in AD compared to control samples (Fig. 4b, Extended Data Fig. 7d,e), likely reflecting neuronal loss associated with AD and consistent with NEFL being identified as an AD biomarker in the cerebrospinal fluid (CSF)26 (Supplementary Table 3). On the other hand, the proportion of astrocytes was increased in AD compared to control samples, indicating reactive astrocytosis (Fig. 4b)"""
GABA_Z20,cell_type,Zhou_2020,none,unchanged,All inhibitory neurons,
Micro_Z20,cell_type,Zhou_2020,none,unchanged,Microglia / Perivascular macrophages,
glia_O20,broad,Olah_2020,none,not_assessed,This study focused on glia (mostly microglia),
1_blue_O20,cell_type,Olah_2020,none,unchanged,MG1 microglial cell type (homeostatic),
2_cyan_O20,cell_type,Olah_2020,none,unchanged,MG2 microglial cell type (homeostatic),
3_purple_O20,cell_type,Olah_2020,none,unchanged,MG3 microglial cell type (homeostatic),
4_brown_O20,cell_type,Olah_2020,none,unchanged,MG4 microglial cell type (interferon-related),
5_yellow_O20,cell_type,Olah_2020,none,unchanged,MG5 microglial cell type,
6_orange_O20,cell_type,Olah_2020,none,unchanged,MG6 microglial cell type,
7_darkgreen_O20,cell_type,Olah_2020,down,down,"MG7 microglial cell type, DAM enriched",
8_green_O20,cell_type,Olah_2020,none,unchanged,MG8 microglial cell type (not homeostatic?),
9_red_O20,cell_type,Olah_2020,none,unchanged,MG9 microglial cell type (Proliferation),
10_steelblue_O20,cell_type,Olah_2020,none,not_assessed,Monocytes,
11_pink_O20,cell_type,Olah_2020,none,not_assessed,TC (T cells expressing CD3E),
12_magenta_O20,cell_type,Olah_2020,none,not_assessed,BC (B cells expressing CD79A),
13_grey_O20,cell_type,Olah_2020,none,not_assessed,GFAP+ (GFAP-positive ambiguous cluster),
14_black_O20,cell_type,Olah_2020,none,not_assessed,RBC (Red blood cells expressing HBA1),
Astro_L21,broad,Leng_2021,none,not_assessed,Astrocytes,
Endo_L21,broad,Leng_2021,none,not_assessed,Endothelial cells,
Exc_L21,broad,Leng_2021,none,not_assessed,All excitatory neurons,
Inh_L21,broad,Leng_2021,none,not_assessed,All inhibitory neurons,
Micro_L21,broad,Leng_2021,none,not_assessed,Microglia,
Oligo_L21,broad,Leng_2021,none,not_assessed,Oligodendrocytes,
OPC_L21,broad,Leng_2021,none,not_assessed,Oligodendrocyte precursor cells,
SFG:Astro.1_L21,cell_type,Leng_2021,none,unchanged,Some astrocytes (?),
SFG:Astro.2_L21,cell_type,Leng_2021,none,unchanged,Some astrocytes (?),
SFG:Endo_L21,cell_type,Leng_2021,none,unchanged,Endothelial cells,
SFG:Exc.1_L21,cell_type,Leng_2021,none,unchanged,Excitatory cells,
SFG:Exc.2_L21,cell_type,Leng_2021,none,unchanged,CUX2 Excitatory cells,
SFG:Exc.3_L21,cell_type,Leng_2021,none,unchanged,Excitatory cells,
SFG:Exc.4_L21,cell_type,Leng_2021,down,down,RORB Excitatory cells,This cluster contains nearly all of the cells in SFG:Exc.s2 and SFG:Exc.s4 that were found to be decreasing in abundance in the later analysis.
SFG:Exc.5_L21,cell_type,Leng_2021,none,unchanged,THEMIS Excitatory cells,
SFG:Exc.6_L21,cell_type,Leng_2021,none,unchanged,Excitatory cells,
SFG:Exc.7_L21,cell_type,Leng_2021,none,unchanged,CUX2 Excitatory cells,
SFG:Inh.1_L21,cell_type,Leng_2021,none,unchanged,VIP inhibitory,
SFG:Inh.2_L21,cell_type,Leng_2021,none,unchanged,PVALB inhibitory,
SFG:Inh.3_L21,cell_type,Leng_2021,none,unchanged,SST inhibitory,
SFG:Inh.4_L21,cell_type,Leng_2021,none,unchanged,LAMP5 inhibitory,
SFG:Micro_L21,cell_type,Leng_2021,none,unchanged,Microglia,
SFG:Oligo.1_L21,cell_type,Leng_2021,none,unchanged,Some oligodendrocytes (?),
SFG:Oligo.2_L21,cell_type,Leng_2021,none,unchanged,Some oligodendrocytes (?),
SFG:OPC_L21,cell_type,Leng_2021,none,unchanged,Oligodendrocyte precursor cells,
All_Y22,broad,Yang_2022,none,not_assessed,All cells in this study,
Arterial_Y22,cell_type,Yang_2022,down,down,Endothelial cells: BEC Arterial,
Astrocyte_Y22,cell_type,Yang_2022,none,unchanged,Astrocyte,
Capillary_Y22,cell_type,Yang_2022,down,down,Endothelial cells: BEC Capillary,
Ependymal_Y22,cell_type,Yang_2022,none,unchanged,Ependymal,
M. Fibro_Y22,cell_type,Yang_2022,down,down,Meningeal fibroblast,
Microglia/MÏ_Y22,cell_type,Yang_2022,none,unchanged,Microglia,
Neuron_Y22,cell_type,Yang_2022,none,unchanged,Neuron,
Oligo_Y22,cell_type,Yang_2022,none,unchanged,Oligodendrocytes,
OPC_Y22,cell_type,Yang_2022,none,unchanged,Oligodendrocyte precursor cells,
P. Fibro_Y22,cell_type,Yang_2022,down,down,Perivascular fibroblast,
Pericyte_Y22,cell_type,Yang_2022,down,down,Pericyte,
SMC_Y22,cell_type,Yang_2022,down,down,Smooth muscle cells,
T cell_Y22,cell_type,Yang_2022,none,unchanged,T cell,
Veinous_Y22,cell_type,Yang_2022,none,unchanged,Endothelial cells: BEC Veinous,
